filename,emberscore
7z1900[2].exe,0.0036532381959352767
ChromeStandaloneSetup64[2].exe,0.02355187045431934
DriverSupport[1].exe,0.9165330250715662
Setup[1].exe,0.07020502470132496
pagedfrg[1].exe,0.027841458205274228
setup-stub[1].exe,0.011208219973233197
vlc-2.4.6-win32[2].exe,0.004204410191531028
winzip23[1].exe,0.016244223551190172
